userId,Action,Adventure,Animation,Comedy,Crime,Documentary,Drama,Family,Fantasy,Foreign,History,Horror,Music,Mystery,Romance,Science Fiction,TV Movie,Thriller,War,Western
1,0,0,0,1,1,0,1,0,0,0,1,0,0,0,1,0,0,0,0,0
2,1,1,1,1,1,1,1,1,1,0,1,1,1,1,1,1,0,1,1,0
3,1,1,0,1,1,0,1,1,1,1,0,1,0,1,1,1,1,1,1,0
4,1,1,1,1,1,1,1,1,1,1,1,1,1,1,1,1,0,1,1,0
5,1,1,1,1,1,1,1,1,1,1,1,1,1,1,1,1,0,1,0,1
6,1,1,0,1,1,1,1,1,1,1,0,1,0,0,1,1,1,1,0,1
7,1,1,0,1,1,1,1,1,1,0,1,1,1,1,1,1,0,1,1,0
8,1,1,1,1,1,1,1,1,1,0,0,1,1,1,1,1,0,1,0,1
9,1,1,0,1,1,1,1,0,1,0,0,1,1,1,1,1,0,1,0,0
10,1,1,0,1,1,1,1,1,1,0,1,1,0,1,1,1,0,1,0,0
11,1,1,0,1,1,0,1,1,0,0,1,1,0,0,1,1,0,1,1,0
12,1,1,1,1,0,0,1,1,1,0,0,1,1,1,1,1,0,1,0,0
13,1,1,1,1,1,1,1,1,1,0,0,1,0,1,1,1,0,1,0,1
14,1,1,0,1,0,0,1,0,0,0,0,0,0,0,1,0,0,1,1,1
15,1,1,1,1,1,1,1,1,1,1,1,1,1,1,1,1,1,1,1,1
16,0,0,0,1,1,0,1,0,0,0,0,1,0,1,1,0,0,1,0,0
17,1,1,1,1,1,1,1,1,1,0,1,1,1,1,1,1,1,1,1,1
18,1,1,1,1,1,1,1,1,1,0,1,1,1,1,1,1,0,1,1,0
19,1,1,1,1,1,1,1,1,1,0,1,1,1,1,1,1,0,1,1,1
20,1,1,0,1,1,0,1,1,1,0,1,1,0,1,1,1,0,1,0,1
21,1,1,1,1,1,1,1,1,1,0,1,1,1,1,1,1,0,1,1,1
22,1,1,1,1,1,0,1,1,1,1,1,1,1,1,1,1,1,1,0,1
23,1,1,1,1,1,1,1,1,1,1,1,1,1,1,1,1,1,1,1,1
24,1,1,1,1,1,0,1,1,1,0,1,1,1,1,1,1,0,1,0,0
25,1,1,0,1,1,1,1,1,1,0,1,1,1,1,1,1,0,1,0,0
26,1,1,1,1,1,1,1,1,1,1,1,1,1,1,1,1,1,1,1,1
27,1,1,0,1,1,0,1,0,0,0,0,0,1,1,1,1,0,1,0,0
28,1,1,1,1,1,1,1,1,1,0,1,1,1,1,1,1,0,1,0,0
29,0,0,0,1,0,0,1,1,0,0,0,0,0,0,0,0,0,1,0,1
30,1,1,1,1,1,1,1,1,1,1,1,1,1,1,1,1,1,1,1,1
31,1,1,0,1,1,1,1,1,0,1,0,1,1,1,1,1,0,1,0,1
32,1,1,0,1,1,1,1,1,1,0,1,1,1,1,1,1,0,1,0,0
33,1,1,1,1,1,0,1,1,1,0,1,1,1,1,1,1,1,1,0,1
34,1,1,1,1,1,1,1,1,1,1,1,1,1,1,1,1,0,1,1,1
35,1,0,1,1,1,0,1,1,0,0,0,1,0,0,1,1,0,1,0,0
36,1,1,1,1,1,1,1,1,1,0,1,1,1,1,1,1,0,1,1,1
37,1,1,1,1,1,0,1,1,1,0,0,0,0,1,1,1,0,1,0,0
38,1,1,0,1,1,0,1,1,1,0,1,1,1,1,1,1,0,1,0,1
39,1,1,0,1,1,1,1,1,1,0,0,1,1,1,1,1,0,1,1,1
40,1,1,0,1,1,0,1,0,0,1,1,0,0,1,1,0,1,1,0,1
41,1,1,1,1,1,1,1,1,1,1,1,1,1,1,1,1,0,1,1,1
42,1,1,0,1,1,0,1,1,1,0,1,1,0,1,1,1,0,1,1,1
43,1,1,1,1,1,0,1,1,1,0,1,1,1,1,1,1,0,1,0,1
44,1,1,0,1,1,1,1,1,1,0,1,1,1,1,1,1,0,1,1,0
45,1,1,0,1,1,1,1,0,0,0,0,1,0,0,1,1,0,1,0,1
46,1,1,0,1,1,0,1,1,0,0,0,0,0,0,0,1,0,1,0,1
47,1,1,0,1,1,1,1,1,1,0,0,1,1,1,1,1,0,1,0,1
48,1,1,1,1,1,1,1,1,1,1,1,1,1,1,1,1,1,1,1,1
49,1,1,1,1,1,1,1,1,1,0,1,1,1,1,1,1,0,1,0,1
50,1,1,0,1,1,1,1,1,1,0,1,1,1,1,1,1,0,1,0,0
51,1,0,0,1,1,0,1,1,1,0,1,0,0,0,1,1,0,1,1,0
52,1,1,1,1,1,1,1,1,1,0,1,0,0,1,1,1,0,1,1,1
53,1,1,0,1,1,0,1,1,1,1,0,1,1,1,1,1,0,1,1,1
54,1,1,0,1,0,0,1,1,0,1,1,1,0,0,0,1,0,1,0,0
55,1,1,0,1,1,0,1,1,1,0,1,1,1,1,1,1,0,1,0,0
56,1,1,1,1,1,1,1,1,1,1,1,1,1,1,1,1,1,1,1,1
57,1,1,1,1,1,1,1,1,1,1,1,1,1,1,1,1,0,1,1,0
58,1,1,1,1,1,0,1,1,1,1,1,1,1,1,1,1,0,1,1,0
59,1,1,1,1,1,1,1,0,1,0,1,1,1,1,1,1,0,1,0,1
60,1,1,0,1,1,1,1,1,1,0,0,1,1,1,1,1,0,1,0,1
61,1,1,1,1,1,1,1,1,1,1,1,1,1,1,1,1,0,1,1,1
62,1,1,0,1,1,1,1,0,0,1,1,0,0,1,1,1,0,1,0,1
63,1,1,1,1,1,0,1,0,1,0,0,1,1,1,1,1,0,1,0,1
64,1,1,0,1,1,0,1,1,0,0,0,0,0,1,1,1,0,1,0,0
65,1,1,1,1,0,0,1,1,1,0,0,1,1,1,1,0,0,1,0,0
66,1,1,0,1,1,1,1,1,1,0,1,1,1,1,1,1,0,1,0,0
67,1,1,1,1,1,0,1,1,1,0,1,1,1,1,1,1,0,1,1,1
68,1,1,1,1,1,1,1,1,1,1,1,1,0,1,1,1,0,1,0,1
69,1,1,1,1,1,0,1,1,1,0,0,1,1,1,1,1,0,1,0,1
70,1,1,1,1,1,1,1,1,1,0,1,1,1,1,1,1,1,1,1,0
71,1,1,0,1,1,0,1,0,0,0,0,1,0,0,1,1,0,1,0,1
72,1,1,0,1,1,1,1,1,1,1,1,1,1,1,1,1,1,1,0,1
73,1,1,1,1,1,1,1,1,1,1,1,1,1,1,1,1,1,1,1,1
74,1,1,0,1,1,0,1,1,0,0,1,1,1,1,1,1,0,1,0,0
75,1,1,1,1,1,1,1,1,1,0,0,1,1,1,1,1,1,1,0,1
76,1,1,1,1,1,1,1,1,0,0,0,0,1,0,1,1,0,1,0,0
77,1,1,1,1,1,1,1,1,1,1,1,1,1,1,1,1,1,1,1,1
78,1,1,1,1,1,1,1,1,1,0,1,1,1,1,1,1,1,1,0,1
79,1,1,0,1,1,0,1,1,1,0,1,1,0,1,1,1,0,1,0,1
80,1,1,0,1,1,1,1,1,1,0,1,1,1,1,1,1,0,1,1,0
81,1,1,1,1,1,1,1,1,1,1,1,1,1,1,1,1,0,1,1,1
82,1,1,0,1,1,1,1,1,1,0,0,1,1,1,1,1,0,1,0,1
83,1,1,1,1,1,1,1,1,1,0,1,1,1,1,1,1,1,1,1,1
84,1,1,0,1,1,0,1,0,1,1,1,1,0,1,1,1,0,1,0,1
85,1,1,0,1,1,1,1,1,1,0,1,1,1,1,1,1,0,1,1,1
86,1,1,1,1,1,1,1,1,1,0,1,1,1,1,1,1,1,1,1,1
87,1,1,0,1,1,0,1,1,1,0,1,1,1,1,1,1,0,1,1,0
88,1,1,1,1,1,1,1,1,1,1,1,1,1,1,1,1,1,1,0,1
89,1,1,0,1,1,0,1,1,1,0,1,1,0,1,1,1,0,1,0,1
90,1,1,1,1,1,0,1,1,1,0,1,1,1,1,1,1,0,1,1,0
91,1,1,1,1,1,1,1,1,1,1,1,1,0,1,1,1,1,1,0,1
92,1,1,1,1,1,1,1,1,1,0,1,1,1,1,1,1,0,1,0,1
93,1,1,1,1,1,1,1,1,1,1,1,1,1,1,1,1,1,1,1,1
94,1,1,0,1,1,1,1,1,1,1,1,1,1,1,1,1,1,1,1,1
95,1,1,0,1,1,1,1,1,1,1,1,1,1,1,1,1,0,1,1,1
96,1,1,1,1,1,1,1,1,1,1,1,1,0,1,1,1,0,1,0,1
97,1,1,1,1,1,0,1,1,1,1,1,1,1,1,1,1,1,1,1,1
98,1,1,1,1,1,0,1,1,1,1,1,1,0,0,1,1,1,1,0,0
99,1,1,1,1,1,1,1,1,1,1,1,1,1,1,1,1,1,1,1,1
100,1,1,0,1,1,1,1,0,1,0,1,0,1,1,1,1,0,1,1,0
101,1,1,0,1,1,0,1,1,1,0,1,0,1,1,1,1,0,1,0,1
102,1,1,1,1,1,1,1,1,1,0,1,1,1,1,1,1,1,1,1,1
103,1,1,0,1,1,0,1,1,1,0,1,1,1,1,1,1,0,1,1,1
104,1,1,0,1,1,1,1,0,1,1,0,1,0,1,1,1,1,1,0,1
105,1,1,1,1,1,1,1,1,1,1,1,1,1,1,1,1,1,1,1,1
106,1,1,0,1,1,0,1,1,1,1,0,1,0,1,1,1,1,1,0,1
107,1,1,0,1,1,0,1,1,0,1,0,1,0,0,1,1,0,1,0,0
108,1,1,0,1,1,0,1,0,1,0,1,1,0,1,1,1,0,1,0,1
109,1,1,0,1,1,0,1,0,1,0,0,0,1,1,1,1,0,1,0,1
110,1,1,1,1,1,1,1,1,1,0,1,1,1,1,1,1,0,1,0,0
111,1,1,1,1,1,1,1,1,1,1,1,1,1,1,1,1,1,1,1,1
112,1,1,0,1,1,0,1,0,1,0,1,1,0,1,1,1,0,1,0,0
113,1,1,1,1,1,1,1,1,1,0,1,0,1,1,1,1,0,1,1,0
114,1,1,0,1,1,1,1,1,1,0,0,1,1,1,1,1,0,1,0,1
115,1,1,0,1,1,1,1,1,0,0,0,0,1,1,1,1,0,1,0,0
116,1,1,0,1,1,1,1,0,0,0,0,0,0,1,1,1,0,1,0,1
117,1,1,0,1,1,0,1,0,0,0,0,1,1,1,1,1,0,1,1,0
118,1,1,1,1,1,1,1,1,1,1,1,1,1,1,1,1,0,1,0,1
119,1,1,1,1,1,1,1,1,1,1,1,1,1,1,1,1,1,1,1,1
120,1,1,1,1,1,1,1,1,1,0,1,1,1,1,1,1,0,1,1,0
121,1,1,1,1,1,1,1,1,1,0,1,1,0,1,1,1,0,1,1,0
122,1,1,0,1,1,1,1,1,1,0,1,1,1,1,1,1,0,1,1,0
123,1,0,0,1,1,0,1,0,0,0,1,1,0,0,1,1,0,1,1,1
124,1,1,0,1,1,1,1,0,1,1,1,1,1,1,1,1,0,1,1,1
125,1,1,1,1,1,1,1,1,1,1,1,1,1,1,1,1,1,1,1,1
126,1,1,1,1,1,1,1,1,1,0,1,1,1,1,1,1,0,1,1,0
127,1,1,0,1,1,1,1,0,1,0,0,1,1,1,1,1,0,1,0,0
128,1,1,1,1,1,1,1,1,1,1,1,1,1,1,1,1,0,1,1,1
129,1,1,0,1,0,0,1,0,1,0,0,1,0,1,1,1,0,1,0,0
130,1,1,1,1,1,1,1,1,1,0,1,1,1,1,1,1,1,1,1,1
131,1,1,0,1,1,1,1,1,0,0,1,0,0,1,1,1,0,0,0,0
132,1,1,0,1,1,1,1,1,1,1,1,1,1,1,1,1,1,1,1,0
133,1,1,1,1,1,1,1,1,1,1,1,1,1,1,1,1,1,1,1,1
134,1,1,1,1,1,1,1,1,1,0,1,1,1,1,1,1,1,1,1,1
135,1,1,0,1,1,1,1,1,1,0,0,1,1,0,1,1,0,1,0,0
136,1,1,1,1,1,0,1,1,1,0,1,1,0,1,1,1,0,1,0,1
137,1,1,1,1,1,1,1,1,1,1,1,1,1,1,1,1,0,1,0,0
138,1,1,0,1,1,0,1,1,1,1,1,1,1,1,1,1,0,1,0,1
139,1,1,1,1,1,0,1,1,1,0,0,1,1,1,1,1,0,1,0,1
140,1,1,0,1,1,0,1,0,1,0,0,1,0,1,1,1,0,1,1,1
141,1,1,0,1,1,0,1,0,1,0,1,0,0,0,1,0,0,1,0,0
142,1,1,1,1,1,0,1,1,1,0,0,1,1,1,1,1,0,1,0,1
143,1,1,1,1,1,1,1,1,1,0,1,1,1,1,1,1,1,1,0,1
144,1,1,0,1,1,1,1,1,1,0,1,1,1,1,1,1,0,1,0,1
145,1,1,0,1,1,1,1,1,1,0,1,1,1,1,1,1,0,1,0,0
146,1,1,0,1,1,0,1,1,1,0,1,1,0,1,1,1,0,1,0,0
147,1,1,0,1,1,1,1,1,1,0,0,1,1,1,1,1,0,1,0,0
148,1,1,1,1,1,1,1,1,1,0,1,1,1,1,1,1,0,1,1,1
149,1,1,1,1,1,1,1,1,1,1,1,1,0,1,1,1,1,1,1,1
150,1,1,1,1,1,1,1,1,1,1,1,1,1,1,1,1,1,1,1,1
151,1,1,0,1,1,1,1,1,1,0,1,1,1,1,1,1,0,1,0,1
152,1,1,0,1,1,1,1,1,1,0,1,1,1,1,1,1,1,1,1,1
153,1,1,1,1,1,1,1,1,1,0,1,1,0,1,1,1,0,1,0,0
154,1,1,0,1,1,1,1,1,1,0,1,1,0,1,1,1,0,1,1,0
155,1,1,1,1,1,0,1,0,1,1,1,1,0,1,1,1,0,1,1,0
156,1,1,1,1,1,0,1,1,1,1,1,0,0,0,1,1,1,1,1,1
157,1,1,1,1,1,1,1,1,1,1,1,1,1,1,1,1,1,1,1,1
158,1,0,1,1,1,0,1,1,0,0,0,0,0,0,1,0,0,1,0,0
159,1,1,1,1,1,0,1,1,1,0,1,1,1,1,1,1,0,1,1,1
160,1,1,1,1,1,1,1,1,1,0,1,1,1,1,1,1,0,1,0,0
161,1,1,1,1,1,1,1,1,1,0,1,1,1,1,1,1,0,1,1,0
162,1,1,0,1,1,1,1,1,1,0,1,1,0,1,1,1,0,1,0,0
163,1,1,0,1,1,1,1,1,1,1,1,1,0,1,1,1,0,1,1,1
164,1,1,1,1,1,0,1,1,1,0,1,1,0,1,1,1,1,1,0,1
165,1,1,1,1,1,1,1,1,1,0,1,1,1,1,1,1,0,1,1,1
166,1,1,0,1,1,1,1,0,1,0,0,1,1,1,1,1,0,1,0,1
167,1,1,0,1,1,0,1,1,1,0,0,0,0,0,1,0,0,1,0,0
168,1,1,0,1,1,1,1,1,1,0,1,1,1,1,1,1,0,1,1,1
169,1,1,1,1,1,1,1,1,1,1,1,1,1,1,1,1,0,1,0,1
170,1,1,0,1,1,0,1,0,1,0,1,1,0,0,0,1,0,1,1,0
171,1,1,0,1,1,0,1,1,1,1,1,0,1,1,1,1,0,1,0,0
172,1,0,0,1,1,0,1,0,1,0,0,1,0,1,1,1,0,1,0,0
173,1,1,1,1,1,0,1,1,1,0,1,1,0,1,1,1,0,1,0,0
174,1,1,0,1,1,0,1,0,0,0,0,0,0,1,1,1,0,1,0,0
175,1,1,1,1,1,0,1,1,1,0,1,1,1,1,1,1,0,1,0,1
176,1,1,1,1,1,1,1,1,1,1,1,1,1,1,1,1,1,1,1,1
177,1,1,1,1,1,1,1,1,1,0,1,1,1,1,1,1,1,1,1,1
178,1,1,1,1,1,1,1,1,1,1,1,1,1,1,1,1,0,1,0,1
179,1,1,0,1,1,0,1,0,1,1,1,0,0,0,1,1,0,1,0,0
180,1,1,0,0,1,0,1,1,0,0,0,0,0,1,1,0,0,1,0,0
181,1,1,0,1,1,0,1,1,1,0,1,0,0,0,1,1,0,1,0,0
182,1,1,1,1,1,1,1,1,1,0,1,1,1,1,1,1,0,1,1,0
183,1,1,0,1,1,1,1,0,1,0,1,1,0,1,0,1,0,1,0,1
184,1,1,0,1,1,0,1,0,1,0,0,1,0,1,1,1,0,1,0,1
185,1,1,1,1,1,1,1,1,1,0,1,1,1,1,1,1,0,1,1,1
186,1,0,0,1,1,0,1,1,1,1,0,1,0,0,1,1,0,1,0,1
187,1,1,1,1,1,1,1,1,1,1,1,1,1,1,1,1,1,1,1,1
188,1,1,0,1,1,1,1,1,1,0,1,1,1,1,1,1,0,1,1,1
189,1,1,1,1,1,1,1,1,1,0,1,1,1,1,1,1,0,1,1,1
190,1,1,1,1,1,1,1,1,1,0,1,1,1,1,1,1,0,1,0,1
191,1,1,0,1,1,1,1,1,1,0,0,1,1,1,1,1,0,1,0,0
192,1,1,0,1,1,1,1,0,1,0,0,1,0,1,1,1,0,1,0,0
193,1,1,1,1,1,1,1,1,1,0,1,1,1,1,1,1,0,1,0,1
194,1,1,0,1,1,1,1,1,1,0,1,1,1,1,1,1,0,1,0,0
195,1,1,1,1,1,1,1,1,1,1,1,1,1,1,1,1,1,1,1,1
196,1,1,1,1,1,0,1,1,1,1,0,1,1,1,1,1,0,1,1,1
197,1,1,1,1,1,0,1,1,1,1,1,1,1,1,1,1,0,1,0,1
198,1,1,1,1,1,1,1,1,1,0,1,1,1,1,1,1,1,1,1,0
199,1,1,1,1,1,1,1,1,1,1,1,1,1,1,1,1,1,1,1,1
200,1,1,1,1,1,0,1,1,1,1,1,1,1,1,1,1,1,1,1,1
201,1,1,0,1,1,0,1,1,1,0,1,1,1,1,1,1,0,1,0,1
202,1,1,1,1,1,0,1,1,1,1,1,1,0,1,1,1,0,1,1,1
203,1,0,0,1,1,0,1,0,1,0,0,0,0,1,1,0,0,1,0,1
204,1,1,1,1,1,0,1,0,1,0,1,1,1,1,1,1,0,1,1,0
205,1,1,1,1,1,1,1,1,1,1,1,1,1,1,1,1,1,1,0,1
206,1,1,1,1,1,0,1,1,0,0,0,1,1,1,1,1,0,1,0,0
207,1,1,0,1,1,1,1,1,1,0,1,1,1,1,1,1,0,1,0,0
208,1,1,1,1,1,0,1,0,1,0,1,1,1,0,1,1,0,1,0,0
209,1,1,0,1,1,0,1,1,1,0,0,0,0,1,1,1,0,1,0,0
210,1,1,0,1,1,0,1,0,1,0,1,1,1,1,1,1,0,1,1,0
211,1,1,1,1,1,1,1,1,1,0,1,1,1,1,1,1,0,1,1,0
212,1,1,1,1,1,1,1,1,1,1,1,1,1,1,1,1,1,1,1,1
213,1,1,1,1,1,1,1,1,1,1,1,1,1,1,1,1,0,1,1,1
214,1,1,1,1,1,1,1,1,1,0,1,1,1,1,1,1,0,1,1,1
215,1,1,1,1,1,1,1,1,1,0,1,1,0,1,1,1,0,1,1,0
216,1,1,1,1,1,1,1,0,1,0,1,1,0,1,1,1,0,1,0,1
217,1,1,1,1,1,1,1,0,1,0,1,0,1,1,1,1,0,1,0,0
218,1,1,1,1,1,0,1,0,1,1,0,1,1,1,1,1,0,1,0,1
219,1,1,1,1,1,1,1,1,1,1,1,1,1,1,1,1,0,1,1,1
220,1,1,1,1,1,1,1,1,1,1,1,1,1,1,1,1,0,1,1,1
221,1,1,0,1,1,0,1,0,0,0,0,0,1,1,1,1,0,1,0,0
222,1,1,1,1,1,0,1,1,1,0,1,1,1,1,1,1,0,1,1,1
223,1,1,1,1,1,1,1,1,1,0,1,1,1,1,1,1,0,1,1,0
224,1,1,1,1,1,1,1,1,1,0,1,1,1,1,1,1,0,1,1,1
225,1,1,0,1,1,0,1,0,1,0,0,1,0,1,1,1,0,1,1,0
226,0,1,1,1,0,1,1,1,1,0,0,0,0,1,0,0,0,1,1,0
227,1,0,0,1,1,0,1,0,0,0,0,0,0,0,1,0,0,0,0,0
228,1,1,1,1,1,0,1,0,1,0,0,0,1,1,1,1,0,1,0,1
229,1,1,1,1,1,1,1,1,1,0,0,1,0,0,1,1,0,1,0,0
230,1,1,0,1,1,1,1,1,1,1,1,1,1,1,1,1,1,1,1,1
231,1,1,1,1,1,0,1,1,0,0,0,0,0,1,1,1,0,1,0,0
232,1,1,1,1,1,1,1,1,1,1,1,1,1,1,1,1,0,1,1,1
233,1,1,0,1,1,0,1,0,1,1,1,1,0,1,1,1,1,1,0,0
234,1,1,1,1,1,0,1,1,0,1,1,1,0,1,1,1,0,1,1,1
235,1,1,1,1,1,1,1,1,1,0,1,1,1,1,1,1,1,1,1,0
236,1,1,1,1,1,0,1,1,1,0,1,1,1,1,1,1,0,1,1,1
237,1,1,0,1,1,1,1,0,1,0,1,1,1,1,1,1,0,1,1,1
238,1,1,0,1,1,0,1,1,1,1,0,1,1,1,1,1,0,1,0,0
239,1,1,1,1,1,1,1,1,1,1,1,1,1,1,1,1,0,1,1,1
240,1,1,1,1,1,1,1,1,1,1,1,1,1,1,1,1,1,1,1,1
241,1,1,0,1,1,1,1,1,1,0,1,1,1,1,1,1,0,1,0,0
242,1,1,1,1,1,1,1,1,1,0,1,1,1,1,1,1,0,1,1,1
243,1,1,1,1,1,1,1,1,1,0,1,1,1,1,1,1,0,1,1,1
244,1,1,1,1,1,1,1,1,0,1,0,1,1,1,1,1,0,1,0,1
245,1,1,0,1,1,1,1,1,1,0,1,1,1,1,1,1,1,1,0,1
246,0,1,0,1,1,0,1,1,1,0,1,1,0,1,1,1,0,1,1,0
247,1,1,1,1,1,1,1,1,1,1,1,1,1,1,1,1,0,1,1,1
248,1,1,1,1,1,0,1,1,1,1,1,1,1,1,1,1,0,1,0,1
249,1,1,0,1,1,0,1,1,0,0,0,1,0,1,1,1,0,1,0,0
250,1,1,0,1,1,1,1,1,1,1,0,1,0,1,1,1,0,1,0,0
251,1,1,1,1,1,1,1,1,0,0,1,1,0,1,1,1,1,1,1,1
252,1,1,1,1,1,1,1,1,1,0,1,1,1,1,1,1,0,1,1,0
253,1,1,1,1,1,1,1,1,1,1,1,1,1,1,1,1,0,1,0,1
254,1,1,1,1,1,1,1,1,1,0,1,1,1,1,1,1,0,1,1,1
255,1,1,1,1,1,1,1,1,1,1,1,1,1,1,1,1,0,1,1,1
256,1,1,0,1,1,0,1,0,1,0,1,1,1,1,1,1,0,1,1,0
257,1,1,1,1,1,1,1,1,1,1,0,0,1,1,1,1,0,1,1,1
258,1,0,0,1,1,0,1,0,1,0,1,0,1,1,1,1,0,1,0,0
259,1,1,0,1,1,0,1,0,1,0,0,0,0,1,1,1,0,1,0,1
260,1,1,0,1,1,0,1,1,1,0,0,1,1,1,1,1,0,1,0,0
261,1,1,0,1,1,0,1,0,1,0,1,1,1,1,1,1,0,1,0,1
262,1,1,1,1,1,1,1,1,1,1,1,1,1,1,1,1,1,1,1,1
263,1,1,1,1,1,1,1,1,1,0,0,1,1,1,1,1,0,1,1,1
264,1,1,1,1,0,1,1,1,1,0,0,1,1,0,0,1,0,1,1,0
265,1,1,1,1,1,1,1,1,1,0,1,1,1,1,1,1,0,1,1,1
266,1,1,0,1,1,1,1,1,1,0,1,1,1,1,1,1,0,1,0,0
267,1,1,0,1,1,1,1,1,1,1,0,1,0,1,1,1,1,1,0,0
268,1,1,1,1,1,1,1,1,1,0,1,1,1,1,1,1,1,1,1,1
269,1,1,0,1,1,1,1,1,1,0,1,1,1,0,1,1,0,1,0,1
270,1,1,1,1,1,0,1,1,1,1,1,1,0,1,1,1,0,1,1,1
271,1,1,0,1,1,0,1,1,1,0,0,1,1,1,1,1,0,1,0,1
272,1,0,0,1,1,0,1,0,0,0,0,1,1,1,1,0,0,1,1,1
273,1,1,1,1,1,1,1,1,1,0,0,1,0,1,1,1,0,1,0,1
274,1,1,0,1,1,1,1,1,1,0,0,0,1,1,1,1,0,1,1,1
275,1,1,1,1,1,1,1,1,1,1,1,1,1,1,1,1,1,1,1,1
276,1,1,0,1,1,0,1,1,1,0,0,1,0,1,1,1,0,1,0,0
277,1,0,0,1,1,0,1,0,0,0,0,1,0,1,1,1,0,1,0,1
278,1,1,1,1,1,0,1,1,1,0,1,1,1,1,1,1,0,1,0,0
279,1,1,0,1,1,1,1,1,1,0,1,1,1,1,1,1,0,1,0,0
280,1,1,0,1,1,1,1,0,1,0,0,1,0,1,1,1,0,1,1,0
281,1,1,1,1,1,1,1,1,1,0,1,1,1,1,1,1,1,1,0,1
282,1,1,0,1,1,0,1,1,1,0,1,1,0,1,1,1,0,1,0,1
283,1,1,1,1,1,1,1,1,1,0,1,1,1,1,1,1,1,1,1,1
284,1,1,1,1,1,1,1,1,1,1,1,1,1,1,1,1,0,1,1,0
285,1,1,1,1,1,1,1,1,1,0,1,1,1,1,1,1,0,1,1,1
286,1,1,1,1,1,0,1,1,1,0,1,1,0,1,1,1,0,1,0,0
287,1,1,1,1,1,0,1,1,1,1,1,1,1,1,1,1,1,1,1,1
288,1,1,0,1,1,1,1,1,1,0,1,1,1,1,1,1,0,1,1,1
289,1,0,0,1,1,0,1,0,1,0,0,1,0,1,1,1,0,1,0,0
290,1,1,0,1,1,0,1,1,0,0,1,1,0,1,1,1,0,1,1,1
291,1,1,1,1,1,1,1,0,1,0,1,1,0,1,1,1,0,1,0,0
292,1,1,1,1,1,1,1,1,1,1,1,1,1,1,1,1,0,1,1,1
293,1,1,0,1,1,0,1,0,1,1,0,1,1,1,1,1,0,1,0,1
294,1,1,1,1,1,1,1,1,1,1,1,1,1,1,1,1,0,1,1,1
295,1,1,1,1,1,1,1,1,1,0,1,1,1,1,1,1,0,1,1,1
296,1,0,0,1,1,1,1,0,0,0,1,1,0,1,1,1,0,1,0,1
297,1,1,1,1,1,1,1,1,1,1,1,1,1,1,1,1,0,1,1,0
298,1,1,0,1,1,0,1,1,1,0,1,1,1,1,1,1,0,1,0,1
299,1,1,1,1,1,1,1,1,1,1,1,1,1,1,1,1,1,1,1,1
300,1,1,0,1,1,0,1,1,1,0,0,1,0,1,1,1,0,1,1,0
301,1,1,0,1,1,0,1,0,1,0,0,0,0,1,0,0,0,1,0,0
302,1,1,0,1,1,0,1,1,1,0,1,1,0,1,1,1,0,1,1,0
303,1,1,1,1,1,1,1,1,1,0,1,1,1,1,1,1,1,1,1,1
304,1,1,0,1,1,1,1,1,1,1,0,1,0,1,1,1,1,1,1,1
305,1,1,1,1,1,0,1,1,1,0,1,0,0,1,1,1,0,1,0,0
306,1,1,1,1,1,1,1,1,1,1,1,1,1,1,1,1,0,1,1,1
307,1,1,0,1,1,0,1,1,1,1,0,0,1,1,1,1,0,1,0,0
308,1,1,0,1,1,1,1,0,1,0,1,1,1,1,1,1,0,1,0,1
309,1,1,1,1,1,1,1,0,1,0,1,1,1,1,1,1,0,1,0,1
310,1,1,0,1,1,0,1,1,1,0,0,1,0,0,1,0,0,1,0,0
311,1,1,1,1,1,1,1,1,1,1,1,1,1,1,1,1,0,1,1,1
312,1,1,1,1,1,1,1,1,1,0,1,1,1,1,1,1,0,1,1,1
313,1,1,1,1,1,1,1,1,1,1,1,1,1,1,1,1,0,1,1,1
314,1,1,0,1,0,0,1,0,0,0,0,1,0,1,1,1,0,1,0,1
315,1,1,1,1,1,0,1,1,1,0,1,0,0,1,1,1,0,1,1,1
316,1,1,0,1,1,1,1,1,1,1,1,1,0,1,1,1,1,1,0,1
317,1,1,0,1,1,1,1,1,0,0,0,1,1,1,1,1,0,1,0,0
318,1,1,0,1,1,1,1,1,1,0,1,1,1,1,1,1,0,1,0,1
319,1,1,0,1,1,0,1,1,1,0,0,1,0,1,1,1,0,1,0,0
320,1,1,0,1,1,1,1,0,1,0,1,1,0,1,1,1,1,1,0,0
321,1,1,0,1,1,1,1,1,1,0,1,1,0,1,1,1,0,1,0,0
322,1,1,0,1,1,0,1,0,1,0,1,1,1,1,1,1,0,1,1,0
323,1,1,1,1,1,0,1,1,1,0,1,1,1,1,1,0,0,1,0,0
324,1,1,1,1,1,1,1,1,1,1,0,1,1,1,1,1,0,1,0,1
325,1,1,1,1,0,0,1,1,1,1,0,1,0,0,1,1,0,1,0,0
326,1,0,1,1,1,0,1,0,1,0,1,1,1,1,1,1,0,1,0,0
327,1,1,0,1,1,0,1,1,1,0,1,1,1,1,1,1,0,1,0,1
328,1,1,1,1,1,1,1,1,1,0,1,1,1,1,1,1,0,1,1,1
329,1,1,0,1,1,0,1,0,1,0,1,1,1,1,1,1,0,1,1,0
330,1,1,0,1,1,1,1,1,1,1,1,1,1,1,1,1,0,1,1,1
331,1,1,0,1,1,0,1,1,1,0,0,1,1,0,1,1,0,1,0,0
332,1,1,0,1,1,0,1,0,1,0,0,1,0,1,1,0,1,1,0,0
333,1,1,1,1,1,0,1,1,0,0,1,1,0,1,1,1,1,1,0,1
334,1,0,0,1,1,0,1,1,0,0,1,0,1,1,1,1,1,1,0,0
335,1,1,0,1,1,0,1,0,1,0,0,0,0,1,1,1,0,1,0,1
336,1,1,1,1,1,1,1,1,1,0,0,1,1,1,1,1,0,1,0,1
337,1,1,0,1,1,0,1,0,0,0,1,0,0,1,1,1,0,1,0,1
338,1,1,0,1,1,1,1,1,1,0,1,1,1,1,1,1,0,1,1,0
339,1,1,0,1,1,1,1,1,1,0,0,1,1,1,1,1,0,1,1,0
340,1,0,0,1,1,0,1,0,1,0,0,0,0,0,1,1,0,1,0,1
341,1,1,1,1,0,1,1,1,0,0,0,0,0,0,1,1,0,1,0,0
342,1,1,1,1,1,1,1,1,1,1,1,1,1,1,1,1,0,1,1,1
343,1,1,1,1,1,1,1,1,1,0,1,1,1,1,1,1,0,1,1,0
344,1,1,0,1,1,1,1,1,1,1,1,1,1,1,1,1,0,1,1,1
345,1,1,1,1,1,1,1,1,1,0,1,1,1,1,1,1,1,1,1,1
346,1,1,1,1,1,0,1,1,1,1,1,1,1,1,1,1,1,1,1,1
347,1,1,0,1,0,0,1,1,0,0,0,0,1,1,1,1,0,1,0,1
348,1,1,0,1,1,1,1,1,1,1,1,1,1,1,1,1,0,1,1,1
349,1,1,0,1,1,0,1,1,0,1,0,1,0,1,1,1,0,0,0,0
350,1,1,0,1,1,1,1,1,1,0,1,1,1,1,1,1,1,1,1,1
351,1,1,1,1,1,0,1,1,1,0,0,1,0,1,1,1,0,1,0,1
352,1,1,0,1,1,0,1,1,0,1,0,0,1,1,1,1,0,1,1,1
353,1,1,1,1,1,1,1,1,1,1,1,1,1,1,1,1,0,1,1,1
354,1,1,0,1,1,0,1,1,1,0,0,1,0,1,1,1,0,1,1,1
355,1,1,1,1,1,1,1,1,1,0,1,1,1,1,1,1,1,1,0,1
356,1,0,0,1,1,0,1,1,1,0,0,0,0,1,1,0,0,1,0,0
357,1,1,0,1,1,0,1,0,1,0,0,1,0,1,1,1,0,1,1,1
358,1,1,1,1,1,1,1,1,1,1,1,1,1,1,1,1,0,1,1,1
359,1,1,0,1,1,1,1,0,1,0,1,1,0,1,1,1,0,1,0,1
360,1,1,0,1,1,1,1,1,1,0,0,1,0,1,1,1,0,1,0,0
361,1,1,1,1,1,1,1,1,1,0,1,1,1,1,1,1,1,1,1,0
362,1,1,0,1,1,1,1,1,1,1,1,1,1,1,1,1,1,1,1,1
363,1,1,1,1,1,1,1,1,1,1,1,1,1,1,1,1,0,1,1,1
364,1,1,0,1,1,0,1,1,0,0,0,1,0,0,1,1,0,1,0,1
365,1,1,0,1,1,1,1,0,1,1,1,1,1,1,1,1,0,1,0,1
366,1,1,0,1,1,0,1,0,1,0,1,1,0,1,1,1,1,1,0,1
367,1,1,0,1,1,1,1,1,1,1,1,1,1,1,1,1,0,1,1,1
368,1,1,1,1,1,0,1,1,0,0,0,0,1,1,1,1,0,1,1,0
369,1,1,0,1,1,1,1,1,1,0,1,1,1,1,1,1,0,1,0,1
370,1,1,1,1,1,0,1,1,1,0,1,1,1,1,1,1,1,1,1,1
371,1,1,0,1,1,0,1,1,1,1,1,1,1,1,1,1,0,1,0,1
372,1,1,1,1,1,0,1,1,1,0,0,1,0,0,1,1,0,1,1,0
373,1,1,1,1,1,1,1,1,1,1,1,1,1,1,1,1,0,1,1,0
374,1,0,0,1,1,0,1,0,0,0,0,1,0,1,1,0,0,1,0,1
375,1,1,0,1,1,0,1,1,0,0,0,1,0,1,1,1,0,1,0,1
376,1,1,1,1,1,0,1,1,1,0,1,1,0,1,1,1,0,1,0,1
377,1,1,0,1,1,1,1,0,0,0,0,1,1,1,1,1,0,1,0,0
378,1,1,1,1,1,1,1,1,1,1,1,1,1,1,1,1,1,1,1,0
379,1,1,0,1,1,0,1,1,1,0,1,1,0,1,1,1,0,1,0,1
380,1,1,1,1,1,1,1,1,1,1,1,1,1,1,1,1,1,1,1,1
381,1,1,0,1,1,1,1,1,1,0,1,1,1,1,1,1,0,1,1,1
382,1,1,1,1,1,1,1,1,1,1,1,1,1,1,1,1,1,1,1,1
383,1,1,0,1,1,1,1,1,1,1,1,1,1,1,1,1,0,1,1,1
384,1,1,1,1,1,1,1,1,1,1,1,1,1,1,1,1,1,1,1,1
385,1,1,0,1,1,1,1,1,1,0,1,1,1,1,1,1,0,1,1,1
386,1,1,1,1,1,1,1,1,1,0,1,1,1,1,1,1,0,1,1,1
387,1,1,1,1,1,1,1,1,1,0,1,1,1,1,1,1,0,1,1,1
388,1,1,1,1,1,1,1,1,1,1,1,1,1,1,1,1,1,1,1,1
389,1,1,0,1,1,1,1,1,1,0,1,1,1,1,1,1,0,1,0,0
390,1,1,1,1,1,1,1,1,1,0,1,1,1,1,1,1,0,1,1,1
391,1,1,1,1,1,1,1,1,1,0,1,1,1,1,1,1,0,1,1,1
392,1,1,0,1,0,0,1,0,0,1,1,0,0,1,1,1,0,1,1,0
393,1,1,1,1,1,0,1,1,1,0,1,1,1,1,1,1,0,1,1,1
394,1,1,1,1,1,0,1,1,1,1,1,1,1,1,1,1,0,1,0,1
395,1,1,0,1,1,0,1,1,1,0,0,0,0,1,1,0,0,1,0,1
396,1,1,1,1,1,1,1,1,1,0,1,1,1,1,1,1,0,1,1,0
397,1,1,0,1,1,1,1,1,1,0,1,1,1,1,1,1,1,1,0,1
398,1,1,0,1,1,1,1,0,1,1,1,1,1,1,1,1,0,1,0,0
399,1,1,0,1,0,0,1,0,1,0,0,1,0,1,1,1,0,1,1,0
400,1,1,0,1,1,1,1,1,1,0,1,1,1,1,1,1,0,1,0,1
401,1,1,0,1,1,0,1,1,1,1,0,1,1,1,1,1,0,1,1,1
402,1,1,1,1,1,1,1,1,1,1,1,1,1,1,1,1,1,1,1,1
403,1,1,0,0,1,0,1,0,1,0,0,1,1,1,0,1,0,1,1,0
404,1,1,0,1,1,1,1,1,1,0,1,1,1,1,1,1,0,1,0,1
405,1,1,1,1,1,1,1,1,1,1,1,1,1,1,1,1,0,1,1,1
406,1,1,0,1,1,1,1,0,1,0,1,1,1,1,1,1,1,1,0,1
407,1,1,1,1,1,1,1,1,1,0,1,1,1,1,1,1,1,1,1,1
408,1,1,1,1,1,1,1,1,1,1,1,1,1,1,1,1,0,1,1,1
409,1,1,1,1,1,1,1,1,1,0,1,1,1,1,1,1,0,1,1,0
410,1,1,0,1,1,0,1,1,1,0,1,1,0,1,1,1,0,1,0,1
411,1,1,0,1,1,0,1,1,1,0,0,1,1,1,1,1,0,1,0,0
412,1,1,0,1,1,1,1,1,1,1,1,1,1,1,1,1,0,1,1,1
413,1,1,0,1,1,0,1,0,1,0,1,1,1,1,1,1,0,1,1,0
414,1,1,1,1,1,1,1,1,1,0,1,0,1,1,1,1,0,1,1,1
415,1,1,0,1,1,1,1,1,0,0,1,1,1,1,1,1,0,1,0,0
416,1,1,1,1,1,0,1,1,1,0,1,1,1,1,1,1,0,1,0,1
417,1,1,1,1,1,1,1,1,1,0,1,1,1,1,1,1,0,1,1,1
418,1,1,1,1,1,0,1,1,1,1,1,1,1,1,1,1,1,1,1,1
419,1,1,1,1,1,1,1,1,1,0,1,1,1,1,1,1,0,1,0,1
420,1,1,1,1,1,1,1,1,1,0,1,1,0,1,1,1,0,1,1,0
421,1,1,0,1,1,1,1,1,1,0,1,1,1,1,1,1,0,1,1,0
422,1,1,1,1,1,1,1,1,1,0,0,1,0,1,1,1,0,1,1,1
423,1,1,1,1,1,1,1,1,1,1,1,1,1,1,1,1,1,1,1,1
424,1,1,0,1,1,0,1,1,1,0,0,1,0,1,1,1,0,1,0,0
425,1,1,0,1,1,0,1,0,1,0,0,0,1,1,1,1,0,1,0,1
426,1,1,0,1,1,1,1,1,1,1,1,1,1,1,1,1,1,1,1,1
427,1,1,1,1,1,1,1,1,1,1,1,1,1,1,1,1,1,1,1,1
428,1,1,1,1,1,1,1,1,1,1,1,1,1,1,1,1,1,1,1,1
429,1,1,1,1,1,0,1,0,1,0,0,0,0,1,1,1,0,1,0,1
430,1,1,1,1,1,1,1,1,1,1,1,1,1,1,1,1,1,1,1,1
431,1,1,1,1,1,1,1,1,1,1,1,1,1,1,1,1,1,1,1,1
432,1,1,0,1,1,0,1,1,1,1,1,1,1,1,1,1,0,1,0,0
433,1,1,1,1,1,1,1,1,1,1,1,1,1,1,1,1,1,1,1,1
434,1,1,1,1,1,1,1,1,1,1,1,1,1,1,1,1,0,1,1,0
435,1,1,0,1,1,0,1,1,1,0,1,1,0,1,1,1,0,1,1,0
436,1,1,1,1,1,0,1,0,1,0,1,1,1,1,1,1,0,1,1,0
437,1,1,0,1,1,0,1,0,1,0,1,1,0,1,1,1,0,1,1,0
438,1,1,0,0,1,0,1,0,1,0,0,1,0,0,0,1,0,1,0,1
439,1,1,1,1,1,0,1,1,1,0,1,1,1,1,1,1,1,1,1,1
440,1,1,0,1,1,0,1,1,1,0,1,1,0,1,1,1,0,1,0,1
441,1,1,0,1,1,0,1,1,1,0,1,1,0,1,1,1,0,1,1,1
442,1,1,1,1,1,1,1,1,1,0,1,1,1,1,1,1,0,1,1,1
443,1,1,0,1,1,0,1,0,0,0,0,0,0,1,1,1,0,1,0,1
444,0,1,0,1,0,0,1,0,1,0,0,0,0,0,0,1,0,1,0,0
445,1,1,0,1,0,0,1,0,0,0,1,0,0,1,1,1,0,1,0,0
446,1,1,0,1,0,0,1,0,0,0,1,0,0,0,1,0,1,1,0,1
447,1,1,0,1,1,1,1,1,1,0,1,1,1,1,1,1,0,1,1,1
448,1,1,0,1,0,0,1,0,0,0,0,0,0,1,1,1,0,1,0,1
449,1,1,0,1,1,0,1,0,1,0,1,1,0,1,1,1,0,1,0,0
450,1,1,1,1,1,1,1,1,1,1,0,0,0,1,1,1,0,1,0,1
451,1,1,1,1,1,0,1,1,1,0,1,0,0,1,1,1,0,1,1,1
452,1,1,1,1,1,1,1,1,1,1,1,1,1,1,1,1,1,1,1,1
453,1,1,0,1,1,0,1,1,1,0,1,1,0,1,1,1,0,1,1,0
454,1,1,0,1,1,0,1,0,0,0,0,0,0,1,1,1,0,1,0,0
455,1,1,0,1,1,0,1,1,1,0,1,1,0,1,1,1,0,1,0,0
456,1,1,0,1,1,1,1,0,0,0,1,1,0,1,1,1,0,1,0,1
457,1,1,1,1,1,1,1,1,1,1,1,1,1,1,1,1,1,1,1,1
458,1,1,0,1,1,0,1,1,1,0,1,1,0,1,1,1,0,1,0,1
459,1,1,0,1,1,1,1,1,1,0,1,1,1,1,1,1,0,1,1,0
460,1,1,1,1,1,1,1,1,1,1,1,1,1,1,1,1,1,1,1,1
461,1,1,1,1,1,1,1,1,1,1,1,1,1,1,1,1,1,1,1,1
462,1,1,0,1,1,1,1,1,1,0,1,1,0,1,1,1,0,1,1,0
463,1,1,1,1,1,1,1,1,1,1,1,1,1,1,1,1,1,1,1,1
464,1,1,0,1,1,1,1,1,0,0,1,1,0,1,1,1,0,1,1,0
465,1,1,1,1,1,1,1,1,1,1,0,1,1,1,1,1,0,1,1,0
466,1,1,1,1,1,1,1,1,1,1,1,1,1,1,1,1,0,1,1,1
467,1,1,1,1,1,0,1,1,1,0,0,1,1,1,1,1,0,1,0,1
468,1,1,1,1,1,1,1,1,1,1,1,1,1,1,1,1,1,1,1,1
469,1,1,0,1,1,0,1,0,0,0,1,1,1,0,1,1,0,1,1,0
470,1,1,1,1,1,1,1,1,0,0,1,1,1,0,1,1,0,1,1,1
471,1,1,1,1,1,1,1,1,1,0,1,1,1,1,1,1,1,1,1,1
472,1,1,1,1,1,1,1,1,1,1,1,1,1,1,1,1,1,1,1,1
473,1,1,0,1,1,0,1,0,1,0,1,1,0,1,1,1,0,1,1,0
474,1,1,1,1,1,1,1,1,1,0,0,1,1,1,1,1,0,1,0,1
475,1,1,1,1,1,1,1,1,1,1,1,1,1,1,1,1,1,1,1,1
476,1,1,0,1,1,1,1,1,1,0,1,1,1,1,1,1,0,1,1,0
477,1,1,0,1,1,0,1,0,0,0,1,1,0,1,1,1,0,1,0,0
478,1,1,1,1,1,0,1,1,1,0,0,1,0,1,1,1,1,1,1,1
479,1,1,1,1,1,0,1,0,1,1,0,1,1,1,1,1,0,1,0,1
480,1,1,1,1,1,1,1,1,1,1,1,1,1,1,1,1,1,1,1,1
481,1,1,1,1,1,1,1,1,1,1,1,1,1,1,1,1,1,1,1,1
482,1,1,0,1,1,0,1,1,1,0,0,1,1,1,1,1,0,1,0,0
483,1,1,0,1,1,1,1,1,1,1,1,1,1,1,1,1,1,1,0,1
484,1,1,0,1,1,0,1,1,1,0,1,1,0,1,1,1,0,1,1,0
485,1,1,0,1,1,1,1,1,0,0,0,0,0,0,0,1,0,1,0,0
486,1,1,1,1,1,1,1,1,1,1,1,1,1,1,1,1,1,1,1,1
487,1,1,1,1,1,1,1,1,1,0,1,1,1,1,1,1,0,1,1,1
488,1,1,0,1,1,0,1,1,0,0,1,0,0,1,1,1,0,1,0,1
489,1,1,0,1,1,0,1,0,1,0,0,1,0,1,1,0,0,1,0,1
490,1,1,0,1,1,0,1,0,1,0,1,1,1,1,1,1,0,1,0,0
491,1,1,0,1,1,1,1,1,1,0,1,1,1,1,1,1,0,1,0,0
492,1,1,1,1,1,1,1,1,1,0,1,1,1,1,1,1,0,1,1,1
493,1,1,1,1,1,1,1,1,1,0,1,1,0,1,1,1,0,1,1,1
494,1,1,1,1,1,0,1,1,1,1,1,0,0,1,1,1,0,1,0,0
495,1,1,0,1,1,1,1,1,1,0,0,0,1,1,1,1,0,1,0,0
496,1,1,0,1,1,1,1,1,1,0,1,1,1,1,1,1,0,1,0,0
497,1,1,0,1,1,0,1,1,1,0,1,1,1,1,1,1,0,1,1,1
498,1,1,0,1,0,0,1,0,0,0,0,1,0,1,1,0,0,1,0,0
499,1,1,1,1,1,0,1,1,1,0,0,0,0,1,1,1,0,1,0,1
500,1,1,1,1,1,1,1,1,1,1,1,1,1,1,1,1,1,1,1,1
501,1,1,1,1,1,1,1,1,1,1,1,1,0,1,1,1,1,1,1,1
502,1,1,0,1,1,1,1,1,1,0,1,1,1,1,1,1,0,1,1,0
503,1,1,1,1,1,0,1,1,0,0,0,0,0,1,1,1,0,1,1,1
504,1,1,0,1,1,0,1,0,1,0,1,0,0,1,1,1,0,1,0,0
505,1,1,1,1,1,1,1,1,1,1,1,1,1,1,1,1,0,1,1,1
506,1,1,0,1,1,0,1,1,1,0,1,0,1,1,1,1,0,1,1,0
507,1,1,0,1,1,0,1,1,1,0,1,1,1,1,1,1,0,1,0,0
508,1,1,0,1,1,1,1,1,1,0,1,1,0,1,1,1,0,1,0,1
509,1,1,1,1,1,1,1,1,1,1,1,1,1,1,1,1,1,1,1,1
510,1,1,1,1,1,1,1,1,1,0,1,1,1,1,1,1,1,1,1,1
511,1,1,0,1,1,1,1,0,1,0,0,0,1,1,1,1,0,1,1,1
512,1,0,0,1,0,0,1,0,1,1,0,1,1,0,1,1,0,1,0,0
513,1,1,0,1,1,1,1,0,0,0,0,0,1,1,1,1,0,1,0,0
514,1,1,1,1,1,1,1,1,1,0,1,1,1,1,1,1,0,1,1,1
515,1,1,0,1,1,0,1,0,0,0,1,0,0,1,0,1,0,1,1,0
516,1,1,1,1,1,1,1,1,1,1,1,1,1,1,1,1,0,1,1,0
517,1,1,0,1,1,1,1,1,1,0,1,1,0,1,1,1,0,1,0,0
518,1,1,1,1,1,1,1,1,1,1,1,1,1,1,1,1,0,1,1,1
519,1,1,1,1,1,0,1,1,1,1,1,1,1,1,1,1,0,1,1,1
520,1,1,1,1,1,1,1,0,1,0,1,1,1,1,1,1,0,1,0,1
521,1,1,0,1,1,1,1,1,1,0,0,1,1,1,1,1,0,1,0,1
522,1,1,1,1,1,1,1,1,1,0,1,1,1,1,1,1,1,1,1,1
523,1,1,1,1,1,0,1,1,1,0,1,1,1,1,1,1,0,1,0,1
524,1,1,0,1,1,1,1,0,1,1,0,1,1,0,1,1,0,1,0,1
525,1,1,1,1,1,1,1,1,1,0,1,1,1,1,1,1,0,1,1,1
526,1,1,0,1,1,1,1,0,0,1,0,0,0,1,1,0,0,1,0,0
527,1,1,1,1,1,1,1,1,1,0,1,1,1,1,1,1,0,1,1,1
528,1,1,1,1,1,1,1,1,1,0,1,1,1,1,1,1,0,1,0,1
529,1,1,1,1,1,1,1,1,1,1,1,1,1,1,1,1,1,1,1,1
530,1,1,1,1,1,1,1,1,1,0,1,1,1,1,1,1,0,1,1,1
531,1,1,1,1,1,1,1,1,1,0,0,1,1,1,1,1,0,1,1,1
532,1,1,1,1,1,0,1,0,1,0,0,1,0,1,1,1,1,1,0,1
533,1,1,1,1,1,1,1,1,1,1,1,1,1,1,1,1,0,1,1,1
534,1,1,1,1,1,1,1,1,1,1,1,1,1,1,1,1,1,1,1,1
535,1,1,0,1,1,1,1,1,1,0,1,1,1,1,1,1,0,1,0,1
536,1,1,0,1,1,1,1,1,1,0,1,1,1,1,1,1,0,1,1,1
537,1,1,1,1,1,1,1,1,1,1,1,1,1,1,1,1,0,1,1,1
538,1,1,0,1,1,0,1,1,1,0,0,1,0,1,1,1,0,1,0,1
539,1,1,0,1,1,1,1,0,0,0,0,1,0,1,1,1,0,1,1,0
540,0,0,0,1,0,0,1,0,1,0,0,0,0,1,1,0,1,1,0,0
541,0,1,0,1,1,1,1,0,1,0,0,1,0,0,1,1,0,1,1,0
542,1,1,0,1,1,0,1,0,1,0,1,1,0,1,1,1,1,1,0,1
543,1,1,1,1,1,0,1,1,1,0,1,1,1,1,1,1,0,1,1,1
544,1,1,0,1,1,1,1,1,1,1,1,1,1,1,1,1,1,1,1,1
545,1,1,1,1,1,1,1,1,1,0,1,1,1,1,1,1,0,1,1,1
546,1,1,1,1,1,1,1,0,0,1,1,1,0,1,1,0,0,1,1,0
547,1,1,1,1,1,1,1,1,1,1,1,1,1,1,1,1,1,1,1,1
548,1,1,1,1,1,1,1,1,1,0,1,1,1,1,1,1,0,1,1,1
549,1,1,0,1,1,1,1,1,1,0,0,1,1,1,1,1,0,1,0,1
550,1,1,1,1,1,1,1,1,1,1,1,1,1,1,1,1,0,1,0,1
551,1,1,1,1,1,1,1,1,1,0,1,0,1,1,1,1,0,1,1,1
552,1,1,0,1,1,0,1,1,0,0,1,1,0,1,1,1,0,1,1,0
553,1,1,1,1,1,1,1,1,1,1,1,1,1,1,1,1,1,1,1,1
554,1,1,1,1,1,0,1,0,1,0,0,1,1,1,1,1,0,1,0,1
555,1,1,0,1,1,0,1,1,1,0,1,1,1,1,1,1,0,1,0,0
556,1,1,0,1,1,1,1,1,1,0,0,0,1,1,1,1,0,1,0,0
557,1,1,0,1,1,1,1,0,1,0,1,1,0,1,1,1,0,1,1,0
558,1,1,1,1,1,1,1,1,1,0,1,1,1,1,1,1,1,1,1,1
559,1,1,1,1,1,1,1,1,1,0,1,1,1,1,1,1,0,1,0,0
560,1,1,1,1,1,0,1,1,1,0,1,1,1,1,1,1,0,1,1,1
561,1,1,1,1,1,1,1,1,1,0,1,1,1,1,1,1,0,1,1,1
562,1,1,1,1,1,1,1,1,1,0,1,1,1,1,1,1,0,1,1,1
563,1,1,1,1,1,1,1,1,1,1,1,1,1,1,1,1,1,1,0,1
564,1,1,1,1,1,1,1,1,1,1,1,1,1,1,1,1,1,1,1,1
565,1,1,0,1,1,1,1,0,1,0,0,1,0,1,1,1,0,1,0,0
566,1,0,0,1,0,0,1,0,0,0,0,0,0,0,0,0,0,1,0,0
567,1,1,0,1,1,0,1,1,1,0,0,1,0,1,1,1,0,1,0,0
568,1,1,0,1,1,1,1,1,1,0,0,1,1,1,1,1,0,1,0,1
569,1,1,1,1,1,1,1,1,1,0,1,1,1,1,1,1,0,1,0,1
570,1,1,0,1,1,1,1,1,1,1,1,0,1,1,1,1,0,1,1,1
571,1,1,0,1,1,0,1,0,1,1,0,1,1,1,1,1,0,1,0,0
572,1,1,1,1,1,1,1,1,1,1,1,1,1,1,1,1,1,1,0,1
573,1,1,0,1,1,0,1,1,1,0,0,1,0,1,1,1,0,1,0,0
574,1,1,1,1,1,1,1,1,1,1,1,1,1,1,1,1,0,1,1,1
575,1,1,1,1,1,1,1,1,1,1,1,1,1,1,1,1,0,1,1,1
576,1,1,0,1,1,0,1,0,1,0,0,1,0,1,1,1,0,1,0,0
577,1,1,1,1,1,1,1,1,1,0,1,1,1,1,1,1,0,1,1,1
578,0,1,0,1,1,0,1,1,1,0,1,1,0,1,1,1,0,1,0,0
579,1,1,0,1,0,0,1,0,0,1,0,1,1,0,1,1,0,0,0,0
580,1,1,1,1,1,1,1,1,1,1,1,1,1,1,1,1,1,1,1,1
581,1,1,1,1,1,0,1,0,1,1,1,1,0,1,1,1,0,1,0,0
582,1,1,1,1,1,0,1,1,1,1,1,1,1,1,1,1,0,1,1,1
583,1,0,0,1,1,0,1,0,0,1,0,0,0,0,1,1,0,1,0,0
584,1,1,1,1,1,1,1,1,1,1,1,1,1,1,1,1,1,1,0,1
585,1,1,1,1,1,1,1,1,1,0,1,1,1,1,1,1,0,1,1,1
586,1,1,0,1,1,0,1,1,1,0,1,0,0,1,1,1,0,1,0,1
587,1,1,1,1,1,1,1,1,1,1,1,1,1,1,1,1,0,1,1,1
588,1,1,0,1,1,1,1,1,1,0,0,1,1,1,1,1,0,1,1,1
589,1,1,1,1,1,1,1,1,0,0,1,1,1,1,1,1,0,1,0,0
590,1,1,0,1,1,1,1,1,1,0,1,1,1,1,1,1,0,1,1,1
591,1,0,1,1,1,1,1,1,1,0,1,1,0,1,1,0,0,1,0,1
592,1,1,1,1,1,1,1,1,1,1,1,1,1,1,1,1,0,1,1,0
593,1,1,1,1,1,1,1,1,1,0,1,1,1,1,1,1,0,1,1,1
594,1,1,1,1,1,1,1,1,1,0,1,0,1,1,1,1,0,1,0,0
595,1,1,1,1,1,1,1,1,1,1,1,1,1,1,1,1,0,1,1,1
596,1,1,1,1,1,1,1,1,1,1,1,1,1,1,1,1,1,1,1,1
597,1,1,1,1,1,1,1,1,1,1,1,1,1,1,1,1,0,1,1,0
598,1,1,1,1,1,1,1,1,1,1,1,1,1,1,1,1,1,1,1,1
599,1,1,1,1,1,1,1,1,1,1,1,1,1,1,1,1,0,1,1,1
600,1,0,0,1,1,1,1,0,0,1,1,1,0,1,1,0,1,1,1,0
601,1,1,0,1,1,0,1,1,0,1,0,1,0,1,1,1,0,1,1,0
602,1,1,1,1,1,1,1,1,1,0,1,1,1,1,1,1,0,1,1,1
603,1,1,0,1,1,1,1,1,1,0,1,1,1,1,1,1,0,1,1,0
604,1,1,0,1,1,0,1,0,0,0,0,0,0,0,1,1,0,1,0,0
605,1,1,1,1,1,1,1,1,1,1,1,1,1,1,1,1,0,1,1,1
606,1,1,0,1,1,0,1,1,1,0,1,1,0,1,1,1,0,1,1,1
607,1,1,1,1,1,1,1,1,1,1,1,1,1,1,1,1,1,1,1,1
608,1,1,1,1,1,1,1,1,1,1,1,1,1,1,1,1,0,1,1,1
609,1,1,1,1,1,1,1,1,1,1,1,1,1,1,1,1,1,1,0,1
610,1,1,0,1,1,0,1,1,1,1,1,0,0,1,1,1,1,1,1,0
611,1,1,0,1,1,0,1,0,0,0,1,1,0,1,1,0,0,1,0,0
612,1,1,1,1,1,0,1,1,1,0,1,1,0,1,1,1,0,1,1,1
613,1,1,0,1,1,0,1,0,0,1,0,1,0,1,1,1,0,1,1,1
614,1,1,1,1,1,1,1,1,1,0,1,1,1,1,1,1,0,1,1,0
615,1,1,1,1,1,1,1,1,1,1,1,1,1,1,1,1,1,1,1,1
616,1,1,1,1,1,1,1,1,1,0,1,1,0,1,1,1,0,1,1,0
617,1,1,1,1,1,1,1,1,1,1,1,1,1,1,1,1,0,1,0,0
618,1,1,0,1,1,0,1,0,0,0,1,1,0,1,1,1,0,1,0,0
619,1,1,0,1,1,1,1,1,1,0,1,1,0,1,1,1,0,1,0,1
620,1,1,1,1,1,1,1,0,1,1,1,1,1,1,1,1,1,1,1,1
621,1,1,1,1,1,0,1,1,1,0,1,1,0,1,1,1,0,1,0,1
622,1,1,0,1,1,0,1,0,0,0,0,0,0,1,0,1,0,1,0,1
623,1,1,0,1,1,1,1,1,1,0,1,1,0,1,1,1,0,1,0,1
624,1,1,1,1,1,1,1,1,1,1,1,1,1,1,1,1,1,1,1,1
625,1,1,0,1,1,1,1,1,1,1,1,1,1,1,1,1,1,1,0,0
626,1,1,0,1,1,0,1,1,1,1,1,1,1,1,1,1,0,1,1,1
627,1,1,1,1,1,1,1,1,1,1,1,1,1,1,1,1,1,1,1,1
628,1,1,0,1,1,1,1,1,1,1,0,1,1,1,1,1,1,1,0,0
629,1,1,0,1,1,0,1,0,1,0,1,1,1,1,1,1,0,1,0,0
630,1,1,0,1,1,0,1,0,0,0,1,0,0,1,1,1,0,1,0,0
631,1,1,1,1,1,0,1,1,0,0,1,0,1,1,1,1,0,1,0,1
632,1,1,0,1,1,0,1,0,0,0,1,1,1,1,1,1,0,1,0,0
633,1,1,0,1,1,1,1,0,1,0,0,1,1,1,1,1,0,1,0,0
634,1,1,1,1,0,0,1,1,0,0,1,0,0,1,1,1,0,1,0,1
635,1,1,0,1,1,0,1,0,0,0,0,0,0,1,1,1,0,1,0,0
636,1,1,1,1,1,0,1,1,1,0,0,1,1,1,1,1,0,1,1,0
637,1,1,0,1,1,1,1,1,1,0,0,1,1,1,1,1,0,1,0,0
638,1,0,0,1,1,1,1,0,0,0,0,0,1,1,1,0,0,1,0,0
639,1,1,0,1,1,1,1,1,1,0,1,1,1,1,1,1,0,1,1,1
640,1,1,1,1,1,1,1,1,1,0,1,1,1,1,1,1,0,1,0,1
641,1,1,1,1,1,1,1,1,1,0,1,1,1,1,1,1,0,1,0,0
642,1,1,1,1,1,0,1,1,1,0,1,1,0,1,1,1,0,1,1,1
643,1,1,0,1,0,0,1,0,0,0,1,0,0,1,1,1,0,1,0,0
644,1,1,0,1,1,0,1,1,1,0,1,1,0,0,1,1,0,1,0,0
645,1,1,1,1,1,0,1,1,1,0,0,0,1,0,1,0,0,1,0,0
646,1,1,1,1,1,1,1,1,1,0,1,1,1,1,1,1,0,1,1,1
647,1,1,1,1,1,1,1,1,1,1,1,1,1,1,1,1,0,1,1,1
648,1,1,0,1,1,1,1,1,1,1,1,1,1,1,1,1,1,1,0,1
649,1,1,1,1,1,1,1,1,1,0,1,1,1,1,1,1,0,1,1,1
650,1,1,0,1,1,1,1,1,1,0,1,1,1,1,1,1,0,1,0,0
651,1,1,1,1,1,0,1,1,1,0,0,1,1,1,1,1,0,1,0,0
652,1,1,1,1,1,1,1,1,1,0,1,1,1,1,1,1,1,1,1,1
653,1,1,0,1,1,0,1,0,1,0,1,1,0,1,1,1,0,1,1,1
654,1,1,1,1,1,1,1,1,1,1,1,1,1,1,1,1,1,1,1,1
655,1,1,1,1,1,0,1,1,1,0,1,1,0,1,1,1,1,1,1,1
656,1,1,1,1,1,0,1,1,1,1,1,1,1,1,1,1,0,1,1,1
657,1,1,0,1,1,1,1,1,1,0,1,0,1,1,1,1,0,1,0,0
658,1,1,0,1,1,1,1,0,1,0,1,1,0,1,1,1,0,1,1,1
659,1,1,1,1,1,1,1,1,1,0,1,1,1,1,1,1,0,1,1,0
660,1,1,0,1,1,0,1,0,0,0,1,1,1,1,1,1,1,1,1,1
661,1,1,0,1,1,0,1,0,0,0,1,0,1,1,1,1,0,1,0,0
662,1,1,0,1,1,1,1,1,1,0,1,1,1,1,1,1,0,1,0,1
663,0,1,0,1,0,0,1,0,0,0,0,0,0,1,1,1,0,0,0,0
664,1,1,1,1,1,1,1,1,1,1,1,1,1,1,1,1,1,1,1,1
665,1,1,1,1,1,1,1,1,1,1,1,1,1,1,1,1,1,1,1,1
666,1,1,1,1,1,1,1,1,1,0,0,1,1,1,1,1,0,1,0,0
667,1,1,0,1,1,1,1,1,1,0,1,1,1,1,1,1,0,1,1,0
668,1,1,0,1,1,1,1,0,0,0,0,0,0,1,0,1,0,1,0,0
669,1,1,0,1,1,0,1,1,1,0,0,1,1,1,1,1,0,1,0,0
670,1,1,0,1,1,0,1,0,1,1,0,1,1,1,1,1,0,1,1,0
671,1,1,1,1,1,1,1,1,1,0,1,1,1,1,1,1,0,1,1,1
